{
  "min_x": -104.98393572610803,
  "max_x": 304.703921663051,
  "min_y": -11.214998515938998,
  "max_y": 10.264998517668996,
  "point_count": 1031,
  "source_file": "/home/ubuntu/Apollo10.0/application-core/data/map_data/straight_road_for_baguang/base_map.txt"
}