{
  "min_x": -4.059913327626418,
  "max_x": 398.3806148931617,
  "min_y": -333.839996338,
  "max_y": 4.979960918426514,
  "point_count": 56081,
  "source_file": "/home/ubuntu/Apollo10.0/application-core/data/map_data/carla_town01/base_map.txt"
}